id,catalog_group,title,brand_or_store,price_usd,average_rating,rating_count,image_url,category_path,features,description,details
B00N4LMZZK,sun_protection,Cathy Doll L-Glutathione Magic Cream SPF 50 Whitening Sunscreen 138ml,Cathy Doll,14.99,4.0,65,https://m.media-amazon.com/images/I/61nl6tHSR7L._SL1500_.jpg,"[""Beauty & Personal Care"", ""Skin Care"", ""Sunscreens & Tanning Products"", ""Sunscreens"", ""Body Sunscreens""]","[""Magic Cream is formulated with an additional 30% L-Gluthathione to brighten skin tones"", ""Extend the flawless, smooth complexion from face to the whole body"", ""Natural plant extracts"", ""Ultra-high SPF 50 PA++ protection"", ""138ml tube""]","[""Extend the flawless, smooth complexion from face to the whole body. This super, magic cream is formulated with an additional 30% L-Gluthathione to brighten skin tones and hydrate skin. L-Gluthathione is known to effectively repair and restore skin, and prevent premature aging. Your body can now enjoy the full benefits of BB cream just like your face. To create a flawless beautiful skin, Cathy Doll L-Gluthathione Magic Cream provides high permeability with miraculous charm. Natural plant extracts in an ultra soft formula can be used to hide and modify skin defects, to make pores instantly disappear. This cream intercepts ultra violet rays U, B and C. It protects the skin with its ultra-high SPF 50 PA++ protection. Ingredients: Aqua, Paraffinum Liquidum, L-Glutathione, Glycerin, Polyglyceryl-2 Dipolyhydroxystearate, Polyglyceryl-3 Disostearate, Titanium Dioxide, Hydrogenated Polyisohutene, Dimenthiconol, Cyclomethicone, Methyparaben, Diazolidinyl Urea, Propylparaben, Fragrance, CI:77891, CI:77491, CI:77492 Directions: Apply on exposed skin (face and body) to protect yourself from the sun. For best result, apply 20 minutes before going out into the sun. Caution: If skin has allergic reaction, please stop use immediately. Keep out of children. Do not eat. For external use only.""]","{""Product Benefits"": ""Whitening"", ""Sun Protection"": ""50 SPF"", ""Item Weight"": ""4 Grams"", ""Number of Items"": ""1"", ""Unit Count"": ""4.69 Fl Oz"", ""Is Discontinued By Manufacturer"": ""No"", ""Product Dimensions"": ""24 x 5 x 4.5 inches; 0.14 Ounces"", ""Item model number"": ""WS196"", ""UPC"": ""888101030610 739485170693 885455610338 789655510323 890345114544 733115455488"", ""Manufacturer"": ""Nara Cyber""}"
B01ALT5MKW,sun_protection,"Babo Botanicals Sheer Zinc Continuous Spray Sunscreen SPF 30 with 100% Mineral Active, Water-Resistant, Fragrance-Free, Vegan, for Babies, Kids or Sensitive Skin - 6 Oz. - 1-Pack",Babo Botanicals,18.99,4.3,4526,https://m.media-amazon.com/images/I/51NBAgCAtTL._AC_SL1262_.jpg,"[""Beauty & Personal Care"", ""Skin Care"", ""Sunscreens & Tanning Products"", ""Sunscreens"", ""Body Sunscreens""]","[""100% GOOD FOR YOU & YOUR FAMILY: A fast-absorbing, ultra-sheer & lightweight sunblock for delicate skin. Water resistant and perfect for babies, kids and adults alike."", ""FORMULATED FOR VERY SENSITIVE SKIN: This sunscreen is specifically developed with zinc to provide you with 80 minutes of water and sweat resistant coverage. Safe for baby and perfect for the entire family. Fragrance free."", ""ZINC-BASED, MINERAL FORMULA: Specially formulated to naturally protect your skin from UVA and UVB rays, this sunblock is oxybenzone and octinoxate free. Enriched with Babo's organic Nutri-Soothe Complex."", ""NO HARSH CHEMICALS OR IRRITANTS: Dermatologist tested to reduce risk of allergic reactions. Clinically tested and rated number #1 in safety by Environment Working Group (EWG). Gluten, soy, dairy, peanut, almond, walnut free. Made in USA. B Corp Certified."", ""GENTLE ENOUGH FOR THE ENTIRE FAMILY: Shake the bottle well and apply liberally 15 minutes before sun exposure. Reapply after swimming, sweating, or towel drying, and at least every 2 hours.""]","[""Get the comfort of a lotion sunscreen and the convenience of a continuous spray for the entire family! The Sheer Zinc Sunscreen Spray, SPF 30 uses Zinc Oxide as the physical filter that forms a protective barrier on skin surface to help reflect the sun’s UVA and UVB rays without irritating sensitive skin. This easy to apply formula is enriched with aloe vera and sunflower oil to soothe and moisturize. Provides 80 minutes of water resistance. Hold the bottle 8-12 inches away and spray onto skin. Thoroughly rub in until the white lotion blends into skin. For increased control, spray onto palm of hand and apply into skin. Fragrance Free and perfect for the entire family.""]","{""Scent"": ""Unscented"", ""Product Benefits"": ""Fast-absorbing, ultra-sheer & lightweight sunblock for delicate skin."", ""Sun Protection"": ""SPF 30 SPF"", ""Item Weight"": ""6 Ounces"", ""Number of Items"": ""1"", ""Is Discontinued By Manufacturer"": ""No"", ""Product Dimensions"": ""2.25 x 2.25 x 6.5 inches; 6 Ounces"", ""Item model number"": ""899248002187"", ""Department"": ""Baby-girls"", ""Date First Available"": ""January 17, 2016"", ""Manufacturer"": ""Babo Botanicals, LLC"", ""Country of Origin"": ""USA"", ""Domestic Shipping"": ""Currently, item can be shipped only within the U.S. and to APO/FPO addresses. For APO/FPO shipments, please check with the manufacturer regarding warranty and support issues."", ""International Shipping"": ""This item is not eligible for international shipping.  Learn More""}"
B07FXWHFRF,toner_essence,"Asara New York Probiotic Skincare Rejuvenating Toner, 30 ml (1.01 fl oz)",ASARA NEW YORK PROBIOTIC SKIN SCIENCE,,5.0,5,https://m.media-amazon.com/images/I/31nOZ6HiDTL.jpg,"[""Beauty & Personal Care"", ""Skin Care"", ""Face"", ""Toners & Astringents""]","[""Use to provide extra, on-demand hydration and protection to the skin throughout the day with a simple spritz from the pump"", ""Packed with a powerful blend of probiotics researched for their specific effects on skin health and appearance"", ""Supercharged with organic antioxidants including sea buckthorn, wild chamomile, juniper berry, lingonberry, blackcurrant, and argan to help moisturize and protect skin"", ""Features a perfectly balanced fragrance, making it a customer favorite; Designed to allow for application over makeup and anytime, on-the-go use"", ""Paraben free and never tested on animals; Use to balance oily, dry, or combination skin types""]",[],"{""Brand"": ""ASARA NEW YORK PROBIOTIC SKIN SCIENCE"", ""Skin Type"": ""Oily, Combination, Dry, Normal"", ""Material Feature"": ""Organic, Natural"", ""Item Volume"": ""30 Milliliters"", ""Active Ingredients"": ""hyaluronic_acid"", ""Is Discontinued By Manufacturer"": ""No"", ""Package Dimensions"": ""5.5 x 1.25 x 1.25 inches; 3.21 Ounces"", ""UPC"": ""816554010859"", ""Manufacturer"": ""Asara New York""}"
B01M67WKPZ,sun_protection,"BLUE LIZARD Australian Sunscreen Blue Lizard Sunscreen Baby, Multicolor, Unscented, 3 Fl.Oz",BLUE LIZARD,27.8,4.7,783,https://m.media-amazon.com/images/I/71yLu5KrKxL._AC_SL1500_.jpg,"[""Beauty & Personal Care"", ""Skin Care"", ""Sunscreens & Tanning Products"", ""Sunscreens"", ""Body Sunscreens""]","[""We love the reef - to help protect delicate coral reefs, our baby Sunscreen contains no oxybenzone or Octinoxate"", ""Mineral sunscreen, no chemical active ingredients - protects your skin by acting like thousands of tiny mirrors that reflect UV rays away before they enter your body"", ""Dermatologist-recommended broad spectrum UVA/UVB SPF 30+ - Mineral active zinc oxide provides true broad spectrum protection"", ""Paraben-free & fragrance-free - Contains no fragrances or parabens, making it ideal for babies' Delicate skin"", ""Water resistant- up to 40 minutes water resistance, so you stay protected longer"", ""Packaging May Vary""]","[""Designed to protect baby-soft skin, Blue Lizard Australian Sunscreen's mineral Baby sunscreen contains no chemical sunscreen ingredients, no parabens and no fragrances. Using only Zinc Oxide and Titanium Dioxide, our Baby sunscreen protects you and your little one by acting like thousands of tiny mirrors that reflect UV rays away. The SPF 30+ formula provides true broad spectrum protection from 97% of the sun's burning rays. We love the reef! Baby’s water-resistant formula is made without Oxybenzone or Octinoxate to help protect fragile reef ecosystems. We’re committed to spreading sun safety awareness. Our Smart Cap Technology makes teaching kids to play safe in the sun easy. Watch the cap turn pink in harmful UV light as a reminder that it’s time for sunscreen. Blue Lizard Australian Sunscreen is the #1 pediatrician recommended mineral-based sunscreen brand and has been trusted by dermatologists for over 20 years.""]","{""Scent"": ""Unscented"", ""Sun Protection"": ""30+ SPF"", ""Item Weight"": ""0.25 Pounds"", ""Number of Items"": ""1"", ""Unit Count"": ""3 Fl Oz"", ""Is Discontinued By Manufacturer"": ""No"", ""Product Dimensions"": ""2.5 x 1.5 x 5.5 inches; 4 Ounces"", ""Item model number"": ""F00039-Q"", ""Date First Available"": ""October 27, 2016"", ""Manufacturer"": ""Blue Lizard""}"
B00EBZEAH4,cleanser,"Holika Holika Pig Nose Clear Black Head Cleansing Sugar Scrub, 1.01 Ounce",HOLIKA HOLIKA,7.99,4.2,17,https://m.media-amazon.com/images/I/615ijn+VIBS._SL1228_.jpg,"[""Beauty & Personal Care"", ""Skin Care"", ""Face"", ""Cleansers"", ""Gels""]","[""It contains soft white sugar for exfoliating"", ""It removes dead skin cells"", ""For easier extraction of blackheads""]","[""This is a wash-off scrub to exfoliate blackhead. It contains soft white sugar for exfoliating. It removes dead skin cells and allowing for easier extraction of blackheads and other impurities from pores. Pink clay ingredients help to absorb excess sebum. Lemon extracts and Aloe Vera extracts provide a brighten complexion and nourish the skin.""]","{""Brand"": ""HOLIKA HOLIKA"", ""Skin Type"": ""Acne prone"", ""Product Benefits"": ""Exfoliate,Cleansing,Exfoliating"", ""Item Volume"": ""25 Milliliters"", ""Number of Items"": ""1"", ""Is Discontinued By Manufacturer"": ""No"", ""Product Dimensions"": ""1.5 x 1.5 x 1.5 inches; 0.35 Ounces"", ""Item model number"": ""20011717"", ""Manufacturer"": ""Mainspring America, Inc. DBA Direct Cosmetics""}"
B08VLX2VZ2,serum_treatment,"Alba Botanica Hemp Soothing Serum, 1 oz",Alba Botanica,5.28,4.2,30,https://m.media-amazon.com/images/I/71L0n-73u1S._SL1500_.jpg,"[""Beauty & Personal Care"", ""Skin Care"", ""Face"", ""Treatments & Masks"", ""Serums""]","[""One 1 oz. bottle of Alba Botanica Hemp Soothing Serum"", ""Helps soothe skin and boost hydration for a brighter overall complexion"", ""Made with a plant-based blend of botanical ingredients for sensitive skin"", ""100% vegetarian formula made without harsh ingredients like parabens, phthalates, or synthetic fragrances"", ""Always cruelty-free, never tested on animals; recognized by the Leaping Bunny Program""]","[""This calming concentrate absorbs quickly for an added boost of skin balancing hydration to supplement your favorite moisturizer. Formulated for sensitive skin with cold-pressed hemp seed oil and aloe vera, the lightweight, silky solution helps soothe skin for a brighter overall complexion & a radiant, healthy-looking glow.""]","{""Skin Type"": ""Combination"", ""Product Benefits"": ""Hydration"", ""Scent"": ""Aloe"", ""Brand"": ""Alba Botanica"", ""Item Form"": ""Serum"", ""Package Dimensions"": ""4.49 x 1.26 x 1.18 inches; 1.76 Ounces"", ""UPC"": ""724742011178"", ""Manufacturer"": ""Hain Celestial"", ""Country of Origin"": ""USA""}"
B01DXVRBM2,cleanser,"Nano Ionic Facial Steamer, FLYMEI Face Steamer for Girl Facial Humidifier for Female Warm Mist Moisturizing Cleansing Pores/Blackhead Home SPA Steamer",FLYMEI,,4.6,271,https://m.media-amazon.com/images/I/61x5mmey06L._SL1000_.jpg,"[""Beauty & Personal Care"", ""Tools & Accessories"", ""Skin Care Tools"", ""Facial Steamers""]","[""Advanced Nano-atomization Technology: Compared to normal steam, this powerful spa home Nano ionic steam can more easily penetrate the skin barrier. Push generates superfine steam particles, 4000 times finer than ordinary steam, to penetrate deep into skin and replenish natural moisture, leaving your face exceptionally hydrated."", ""Opens and unclogs your pores allows you to remove dirt, oil and grime from your skin; Melts away dead skin cells, replace chemical exfoliating scrubs & peels; Make toner, cream and other nutrients absorbable."", ""Run as Interior Humidifier in Any Weather. Besides skin care, this beauty instrument mist sprayer is not only good for Face Cleaning and Skin Care, but also can be used for towel warming and interior humidifier in a powerful and efficient way, also can relieve cold & sinus problems."", ""Automatic low water and overheat shutoff. Light weight and easy to use. 100% MONEY BACK GUARANTEE. If for any reason you are not satisfied with your purchase, please contact us, we are committed to making it right for you.""]","[""This steamer activates the hydrophilic factor like a warm shower does, promotes collagen regeneration and replenishes water in your skin, opens your pores, thoroughly remove makeup and dirt from pores, make skin clear and bright, reduces acne and blackheads, softens the cuticle, restores smooth, delicate skin, removes metal deposits, weakens pigmented spots, and suppresses acne; Improved blood circulation, Improves cell vitality and oxygen absorption through skin for a healthier younger looking complexion, significantly improves absorption of your beauty creams for increased effectiveness and promotes drainage of sinuses and airways for overall improved well being. Recommend twice a week for a month and you may see benefits like tightened, younger looking skin, more even skin tone, and a reduction in blemishes."", ""Application Instruction:"", ""Use it after cleaning face before putting on toner, cream in the morning, and use it before removing make up to open up pores Hot steam will help much effectively open the pores to clean dirty to ensure the skin fully absorb nutrientsFiltered or distilled water are recommended to avoid any calcium built up inside the steamer to ensure a long life span No hassle usages involves simply filling tank and turning unit on. A full tank lasts for 10 minutes, which is the ideal amount of time to steam skin"", ""ATTENTION"", ""1. Before using the steamer for the first time, please let it run with a full tank of water with a few drops of lemonade for removing a bit of odor from manufacturing. 2. When adding water, please gently pull out the water tank vertically from the back of the steamer, and then twist off the round lid at the bottom of the tank to fill water. 3. The distance between the steamer and face should be 7-8\"" inches (20cm) when steaming. A full tank of water can be steamed for about 8~10 minutes.""]","{""Color"": ""Pink"", ""Brand"": ""FLYMEI"", ""Skin Type"": ""Normal"", ""Product Benefits"": ""Cold,Pores,Brightening,Cleansing,Moisturizing,Sinus,Exfoliating,Blood Circulation,Replenishing,Dirt"", ""Is Discontinued By Manufacturer"": ""No"", ""Package Dimensions"": ""10.1 x 6.4 x 5.1 inches; 1.6 Pounds"", ""UPC"": ""754610683459"", ""Manufacturer"": ""FLYMEI""}"
B06XCY5K83,sun_protection,Natural Inspirations Ultra Hydrating SPF 30 Lip Butter 3 Piece Set - Pomegranate,Natural Inspirations,,4.4,40,https://m.media-amazon.com/images/I/31UPPua2X-L._AC_.jpg,"[""Beauty & Personal Care"", ""Skin Care"", ""Lip Care"", ""Lip Butters""]",[],[],"{""Brand"": ""Natural Inspirations"", ""Item Form"": ""Butter"", ""Sun Protection"": ""30 SPF"", ""Skin Type"": ""All"", ""Product Benefits"": ""Hydrating"", ""Is Discontinued By Manufacturer"": ""No"", ""Product Dimensions"": ""3 x 1 x 2.5 inches; 0.48 Ounces"", ""Item model number"": ""3 PC LB SET Pom"", ""Date First Available"": ""March 1, 2017"", ""Manufacturer"": ""Natural Inspirations""}"
B09B93L2CS,moisturizer,True Pride Men's Face Cream Moisturizer - Revitalizing Anti-aging facial skin cream - Potent Anti-Aging skin care,True Pride,,4.1,4,https://m.media-amazon.com/images/I/71uWoNmfLzL._SL1500_.jpg,"[""Beauty & Personal Care"", ""Skin Care"", ""Face"", ""Creams & Moisturizers"", ""Face Moisturizers""]","[""TRUE PRIDE: Revitalizing Anti-Aging moisturizer helps to improve the appearance of even the deepest wrinkles and fine lines for younger-looking skin. Designed for men looking to implement the first line of defense against signs of aging, this fast-absorbing cream is specially formulated to nourish men's thicker skin type."", ""HOW IT WORKS: Hyaluronic Acid: This gel-like water-holding molecule retains over 1000 times its weight in water, making it the ultimate moisturizer Red Ginseng: No matter what your skin type, chances are, ginseng can probably assist you. That's because ginseng is a \""natural skin balancer,\"" DMAE: Relaxes fine lines and wrinkles and assists in firming sagging and aging skin, resulting in an overall more tightened, toned, and youthful appearance"", ""FAST PROFESSIONAL RESULTS: At True Pride we know that all men value real results. True Prides powerful formula men's anti-aging with Hyaluronic Acid, Red Ginseng, Retinol, DMAE and Vitamins A & E helps to keep your skin hydrated all day long, and reduce the depth of wrinkles and fine lines."", ""SCIENCE + NATURE + LOVE - We care about every jar of anti-aging cream we sell, and that's why each batch undergoes independent Third-Party tests for the accordance to safety and purity. We make our revitalizing anti-aging cream with a combination of SCIENCE + NATURE + LOVE. . When you buy our cream you can be sure that you're getting an exceptional product of a perfect, real high quality."", ""BENEFITS - Packed full of anti-aging ingredients, the True Pride Revitalizing Anti-Aging moisturizer helps to improve the appearance of even the deepest wrinkles and fine lines for younger-looking skin. Designed for men looking to implement the first line of defense against signs of aging, this fast-absorbing cream is specially formulated to nourish men's thicker skin type.""]","[""True Pride - Men's Anti-Aging Cream Tightens - Smooths - Hydrates With DMAE, Red Ginseng, Hyaluronic Acid & Avocado Oil Packed full of anti-aging ingredients, the True Pride Revitalizing Anti-Aging moisturizer helps to improve the appearance of even the deepest wrinkles and fine lines for younger-looking skin. Designed for men looking to implement the first line of defense against signs of aging, this fast-absorbing cream is specially formulated to nourish men's thicker skin type.""]","{""Brand"": ""True Pride"", ""Scent"": ""Unscented"", ""Item Form"": ""Cream"", ""Active Ingredients"": ""hyaluronic_acid, vitamin_e"", ""Unit Count"": ""2.00 Fl Oz"", ""Package Dimensions"": ""2.09 x 2.09 x 2.01 inches; 2.89 Ounces"", ""Manufacturer"": ""Montige""}"
B0B6QWCZ4P,moisturizer,"Kiehl's Ultra Facial Moisturizer 250ml, 8.5 Fl Oz",Kiehl's,60.0,4.6,474,https://m.media-amazon.com/images/I/71F7VzOU-gL._SL1500_.jpg,"[""Beauty & Personal Care"", ""Skin Care"", ""Face"", ""Creams & Moisturizers"", ""Face Moisturizers""]","[""Easily absorbed moisturizer"", ""This moisturizer is readily absorbed, leaving the surface area soft and nurtured. The moisturizing effects of this formulation are continued beneath the surface layers for daytime or anytime moisturizing and texturizing of the skin.""]","[""Ultra Facial Moisturizer Easily absorbed moisturizer. This moisturizer is readily absorbed, leaving the surface area soft and nurtured. The moisturizing effects of this formulation are continued beneath the surface layers for daytime or anytime moisturizing and texturizing of the skin.""]","{""Brand"": ""Kiehl's"", ""Item Form"": ""Liquid"", ""Active Ingredients"": ""Glycolic Acid"", ""Unit Count"": ""8.5 Fl Oz"", ""Number of Items"": ""1"", ""Is Discontinued By Manufacturer"": ""No"", ""Product Dimensions"": ""3 x 4 x 6 inches; 8 Ounces"", ""Item model number"": ""Ultra Facial Moisturizer 250ml"", ""Manufacturer"": ""Kiehl's""}"
B00A7WXNCI,cleanser,"OM Botanical One Step Face Cleanser, All-in-One Vegan Exfoliating Facial Cleanser and Toner for Blemished-Free Skin, Natural Aloe-Based Face Wash for Women and Men, Non-Drying Face Exfoliator and pH-Balanced, 100mL",Om Botanical,25.99,4.2,163,https://m.media-amazon.com/images/I/71n+Jv2f1aL._SL1500_.jpg,"[""Beauty & Personal Care"", ""Skin Care"", ""Face"", ""Cleansers"", ""Washes""]","[""Younger, Blemish-Free Skin - Exfoliate in just 45 seconds with our One Step Face Cleanser. Made with green papaya and pineapple, this facial wash provides a non-abrasive exfoliation for smoother and softer skin. It also contains Vitamin C from acerola cherries, which helps fight free-radicals."", ""Aloe-Based, Alcohol-Free Cleanser - Made with aloe vera juice, our Ayurvedic face cleanser for women and men rejuvenates your skin. This cleanser face wash hydrates, soothes, and supports a youthful radiant look without drying out or damaging your skin."", ""Versatile Skin Cleanser - Our face wash for dry skin doubles as a toner and acne wash. Rub gently over wet face using small circular motions for 1 minute; rinse thoroughly. Follow up with moisturizer to finish. Use morning and night."", ""Enriched with Botanical Ingredients - Reap the benefits of science-enhanced, ancient herbal skin therapeutics with our natural face cleanser. This daily facial cleanser contains Ayurvedic botanical ingredients that help enhance your skin’s inherent recovering and rejuvenating abilities."", ""Cares for Your Skin - Sulfate-free, paraben-free, cruelty-free, & phthalate-free, this facial cleanser for men and women with no harsh chemicals suits any skin type. Not satisfied with this exfoliating face cleanser? Just let us know if you want a refund.""]",[],"{""Item Form"": ""Cream"", ""Skin Type"": ""All, Oily, Combination, Dry, Normal"", ""Brand"": ""Om Botanical"", ""Scent"": ""Natural"", ""Material Feature"": ""Plant Based"", ""Is Discontinued By Manufacturer"": ""No"", ""Product Dimensions"": ""1.5 x 1.5 x 6.5 inches; 4 Ounces"", ""UPC"": ""852810003531"", ""Manufacturer"": ""Om Botanical Best Natural Skin Care""}"
B09RQW5RGX,cleanser,chhwau Form Whip Maker，Face Wash Foamer，Rich Foam Maker for Face Wash，Foam Cleanser and Face Wash ，Skincare Tools (blue),chhwau,5.99,4.5,51,https://m.media-amazon.com/images/I/51Su2GDE-hL._SL1500_.jpg,"[""Beauty & Personal Care"", ""Skin Care"", ""Face"", ""Cleansers"", ""Washes""]","[""💎【Funny&Easy skincare tools】：The face wash foamer is easy and fun to make soap bubbles that makes cleansing even more fun. The gentle color of the clear cup is fine and clear, so you can control the texture of the foam at any time."", ""💎【Save facial cleanser】: Our Form whip maker only requires about 20 % of your usual face-wash for a full container of foam, which helps to minimize the amount of product you use, effectively achieve the purpose of cleaning."", ""💎【High-quality Material】: Form whip maker is made of advanced PS, PP, ABS, it is environmentally ,friendly, safe to use and durable."", ""💎【Rich bubbles】：The marshmallow makeover creates micro-bubbles, producing a fluffiness that reduces friction and cleanses your skin deeply & more gently.The foam maker for face wash not only saves facial cleanser, but also provides fine lather for deep cleansing without straining the skin."", ""💎【How to use】: Put a pearl size amount of your favorite cleanser into the whip maker, fill water to the dotted line,then pump up and down for about 20 seconds to create rich, marshmallow like foam,easy to operate.Foam maker is easy to clean and dry, won't trouble you.""]",[],"{""Item Form"": ""Foam"", ""Skin Type"": ""All, Dry"", ""Brand"": ""Chhwau"", ""Age Range (Description)"": ""Adult"", ""Number of Items"": ""1"", ""Product Dimensions"": ""3.07 x 3.07 x 4.13 inches; 2.4 Ounces"", ""UPC"": ""716172808268"", ""Manufacturer"": ""chhwau""}"
B004R7L6WI,moisturizer,"bareMinerals Purely Nourishing Moisturizer, .17 oz / 5 ml DLX Travel Size",bareMinerals,,3.2,9,https://m.media-amazon.com/images/I/31q8S+Qo6IL.jpg,"[""Beauty & Personal Care"", ""Skin Care"", ""Face"", ""Creams & Moisturizers""]","[""bareMinerals Purely Nourishing Moisturizer"", ""For Combination Skin"", ""Size : .17 oz / 5 ml (deluxe travel size tube)""]","[""Nourish skin with this remarkably effective moisturizer for improved firmness, elasticity, radiance and smoother skin texture. Powered by our RareMinerals ActiveSoil Complex with a unique electrolyte delivery system, it¿s formulated to deliver the optimal amount of moisturization for normal to dry skin while potent antioxidants help protect skin from environmental stressors. The result is skin that¿s soft, smooth and incredibly luminous.""]","{""Brand"": ""BareMinerals"", ""Item Form"": ""Cream"", ""Number of Items"": ""1"", ""Skin Type"": ""Dry, Normal"", ""Age Range (Description)"": ""Adult"", ""Is Discontinued By Manufacturer"": ""No"", ""Package Dimensions"": ""3 x 0.8 x 0.5 inches; 3.2 Ounces"", ""UPC"": ""098132192953""}"
B01IYJJ3FQ,cleanser,Face Exfoliating Brush for Pores and Blackhead Cleanser,Bellesentials,,3.3,46,https://m.media-amazon.com/images/I/61gR+EYsL5L._SL1000_.jpg,"[""Beauty & Personal Care"", ""Tools & Accessories"", ""Skin Care Tools""]","[""ACHIEVE BEAUTIFULLY CLEAR AND RADIANT SKIN; ADVANCED-TECHNOLOGY DEEP-CLEANSING COMPLEXION FACIAL BRUSH GIVES YOU THE SALON TREATMENT FROM YOUR OWN HOME - Use our professional exfoliating brush for face daily to achieve and maintain clean, smooth, soft skin, and a more youthful appearance!"", ""CREATE SMOOTHER AND SOFTER SKIN WITH THIS FACIAL BEAUTY CARE MASSAGER. Use your spin face brush to clear away makeup, dirt, oil, and dead skin. For all skin types: normal, dry, sensitive, oily. Deep clean your pores, clear whiteheads, smooth bumpy skin, exfoliate dead & dry flaky skin"", ""WATERPROOF FACE WASH BRUSH CAN BE USED IN COMFORT OF YOUR OWN BATHROOM - Always feel confident and camera-ready with smoother, softer, clearer skin. The spinning facial brush exfoliating brush head gently lifts away dead skin to resurface your complexion while simultaneously working as an effective blackheads cleanser."", ""MULTI-FUNCTION FACE SCRUB BRUSH - deep cleansing brush for face comes with seven brush heads in one; this power cleanser and face massage tool truly does it all. It has two speeds of operation for customized results. Reveal your healthy glow- works as both a face and body brush as it can be alternatively used for complexion or on dry skin areas on the body."", ""PERFECT SPINNING FACE BRUSH FOR TRAVEL & HOME USE - Cordless design face scrubbing brush runs on two AA batteries. Face cleaner brush measures only 5.25\"" inches in length for easy packing and storage. Battery NOT Included""]",[],"{""Brand"": ""Bellesentials"", ""Color"": ""Pink"", ""Power Source"": ""Battery Powered"", ""Item Dimensions LxWxH"": ""5.71 x 2.76 x 2.76 inches"", ""Number of Speeds"": ""2"", ""Is Discontinued By Manufacturer"": ""No"", ""Product Dimensions"": ""5.71 x 2.76 x 2.76 inches; 0.85 Ounces"", ""UPC"": ""758149966663"", ""Manufacturer"": ""Bellesentials""}"
B08CVGT2R6,cleanser,Santa Marche 200g Hot Gel Cleansing Orange Make Last Joke From Japan,Santa Marche,,4.0,1,https://m.media-amazon.com/images/I/51sEXVvrMSL._SL1000_.jpg,"[""Beauty & Personal Care"", ""Skin Care"", ""Face"", ""Cleansers"", ""Gels""]","[""Avoid applying on damaged or injured skin"", ""If any skin redness or sensitivity problem occurs after use, please stop using immediately and consult a doctor if necessary."", ""Should you suffer from skin allergies, we recommend you to perform a skin patch test before use."", ""Store product in a well-ventilated place away from direct heat and sunlight."", ""This is a multi-function hot gel cleanser with all the benefits of a makeup remover, warming massage, beauty face mask, exfoliant, and face wash. It helps remove dirt and blackheads from pores, as well as dull skin and makeup. It contains a luxurious blend of 92.3% beautifying ingredients. After washing, your face will feel refreshed, rejuvenated and hydrated. Suitable for daily use, gentle and moisturizing""]","[""Imported from Japan… HSA Certified  This is a multi-function hot gel cleanser with all the benefits of a makeup remover, warming massage, beauty face mask, exfoliant, and face wash. It helps remove dirt and blackheads from pores, as well as dull skin and makeup. It contains a luxurious blend of 92.3% beautifying ingredients. After washing, your face will feel refreshed, rejuvenated and hydrated. Suitable for daily use, gentle and moisturizing Usually, we use cleansing oil or water to remove make up. After that, we need to wash the face again with a regular facial wash. Santa Marche Hot Gel Cleansing is special, the hot gel lifts up all the dirt and make up stuck in pores, there is no need to cleanse your face again after make up removal! Face feels fresh and moisturized after Hot Gel cleansing.  Capacity: 200g Note: 1. Avoid applying on damaged or injured skin. 2. If any skin redness or sensitivity problem occurs after use, please stop using immediately and consult a doctor if necessary. 3. Should you suffer from skin allergies, we recommend you to perform a skin patch test before use. 4. Store product in a well-ventilated place away from direct heat and sunlight.""]","{""Item Form"": ""Gel"", ""Skin Type"": ""All"", ""Brand"": ""Santa Marche"", ""Scent"": ""Orange"", ""Age Range (Description)"": ""Adult"", ""Item Weight"": ""7.05 Ounces"", ""UPC"": ""880533218802"", ""Manufacturer"": ""Santa Marche""}"
B007A1SXN8,moisturizer,Baronessa Cali's Oliva Faccia Face Cream,"RAPSI, FRANCOFONTE BARONESSA CALI, SICILY, ITALY",40.0,5.0,13,https://m.media-amazon.com/images/I/31BDbMwdUDL._AC_.jpg,"[""Beauty & Personal Care"", ""Skin Care"", ""Face"", ""Creams & Moisturizers"", ""Face Moisturizers""]","[""Featuring Italian Olive Oil""]","[""Baronessa Cali's Oliva Faccia Face Cream. Deep hydrating.""]","{""Brand"": ""RAPSI, FRANCOFONTE BARONESSA CALI, SICILY, ITALY"", ""Item Form"": ""Cream"", ""Active Ingredients"": ""vitamin a,vitamin e"", ""Unit Count"": ""1.00 Fl Oz"", ""Number of Items"": ""5000"", ""Is Discontinued By Manufacturer"": ""No"", ""Package Dimensions"": ""2.6 x 2.5 x 1.9 inches; 5.92 Ounces"", ""Item model number"": ""O-6210"", ""Date First Available"": ""February 16, 2012"", ""Manufacturer"": ""Baronessa Cali""}"
B0777V3TYB,moisturizer,"Lawrens Moisturizer with Collagen, Vitamin E & Aloe Vera - Daily Hydration & Deep Moisture - 4 oz",Lawrens,10.99,4.5,13,https://m.media-amazon.com/images/I/61J7Emsr+sL._SL1500_.jpg,"[""Beauty & Personal Care"", ""Skin Care"", ""Body"", ""Moisturizers"", ""Creams""]","[""Moisturizer that gives your skin the perfect hydration daily."", ""Helps restore moisture and natural luminosity."", ""Daily use will keep your skin looking younger and hydrated."", ""24hr moisture and protection from environmental pollution""]",[],"{""Brand"": ""Lawrens"", ""Scent"": ""Blend"", ""Item Form"": ""Cream"", ""Active Ingredients"": ""Vitamin_e"", ""Unit Count"": ""4.0001 Ounce"", ""Is Discontinued By Manufacturer"": ""No"", ""Package Dimensions"": ""6 x 6 x 6 inches; 4 Ounces"", ""Item model number"": ""97313"", ""UPC"": ""676194973132"", ""Manufacturer"": ""Alfa Vitamins Laboratories, Inc"", ""Country of Origin"": ""USA""}"
B007HC1XCI,sun_protection,Fruit of The Earth SPF#50 Block Up 1 oz. (Pack of 4),Fruit of the Earth,,5.0,1,https://m.media-amazon.com/images/I/31aSOrwRYZL.jpg,"[""Beauty & Personal Care"", ""Skin Care"", ""Body"", ""Body Scrubs""]",[],[],"{""Item Weight"": ""7.05 Ounces"", ""UPC"": ""741655024354 885367221639 883950628629"", ""Manufacturer"": ""Fruit of The Earth""}"
B00AKG404Q,sun_protection,"Neutrogena Beach Defense Water-Resistant Sunscreen Lotion with Broad Spectrum SPF 30, Oil-Free and PABA-Free Oxybenzone-Free Sunscreen Lotion, UVA/UVB Sun Protection, SPF 30, 6.7 fl. oz",Neutrogena,9.42,4.7,2003,https://m.media-amazon.com/images/I/71n3A52oQPL._SL1500_.jpg,"[""Beauty & Personal Care"", ""Skin Care"", ""Sunscreens & Tanning Products"", ""Sunscreens"", ""Body Sunscreens""]","[""6.7-fluid ounce bottle of Neutrogena Beach Defense Water-Resistant Body Sunscreen Lotion with SPF 30 to help prevent sunburn and decrease the risk of skin cancer caused by the sun when used as directed"", ""Formulated with Helioplex sunscreen technology, this oil-free body sunscreen provides superior broad spectrum protection against skin-aging UVA rays and skin-burning UVB rays"", ""Packaging and formulation may vary. Fast-absorbing sunscreen lotion features an oil-free, PABA-free and oxybenzone-free formula that protects against sun damage"", ""Beach-strength sunscreen formula with SPF 30 can stand up to any outdoor activity and is water-resistant for up to 80 minutes"", ""Superior sun protection from the #1 dermatologist-recommended suncare brand, in a sunscreen lotion with a new formula that contains no oxybenzone, absorbs quickly and is easy to apply""]","[""Product Description"", ""Help give your skin superior protection from harsh outdoor elements with Neutrogena Beach Defense Body Sunscreen Lotion with Broad Spectrum SPF 30. Ideal for active families, this beach-strength sunscreen lotion is clinically proven to help defend against the signs of sun damage and may decrease the risk of skin cancer caused by the sun when used as directed. Featuring an oxybenzone-free formula and with Helioplex Technology, it offers superior broad- spectrum protection from skin-aging UVA rays and skin-burning UVB rays. This body sunscreen lotion is lightweight, oil-free, PABA-free, and water-resistant for up to 80 minutes. From the #1 dermatologist-recommended suncare brand"", ""Brand Story"", ""By Neutrogena""]","{""Sun Protection"": ""30 SPF"", ""Item Weight"": ""0.54 Pounds"", ""Number of Items"": ""1"", ""Unit Count"": ""6.7 Fl Oz"", ""Skin Type"": ""All"", ""Is Discontinued By Manufacturer"": ""No"", ""Product Dimensions"": ""1.52 x 2.59 x 6.62 inches; 8.64 Ounces"", ""Item model number"": ""573331"", ""UPC"": ""885190356416 741655853046 885190357079 885190357536 659203188550 086800872719 885971241894"", ""Manufacturer"": ""Johnson & Johnson"", ""Country of Origin"": ""USA"", ""Domestic Shipping"": ""Item can be shipped within U.S."", ""International Shipping"": ""This item can be shipped to select countries outside of the U.S.  Learn More""}"
B00NK492ZC,serum_treatment,"Guaranteed Ultimate Vitamin C Facial Serum 20% - Natural, Cruelty-free, Anti-aging, Anti-wrinkle, Reduces Age Spots and Discoloration, Includes Vegan Hyaluronic Acid & Vitamin E",Unknown,,3.8,2,https://m.media-amazon.com/images/I/51oY5w-qkGL._SL1000_.jpg,"[""Beauty & Personal Care"", ""Skin Care"", ""Face"", ""Treatments & Masks"", ""Serums""]","[""Clinical Strength: 20% Vitamin C serum for your face + vegan Hyaluronic acid is the absolute highest quality Vitamin C serum available. Fades sun spots and discoloration."", ""72% organic Vitamin C serum does not contain alcohol, parabens or sulfates and is safe for all skin types."", ""Refines skin texture while reducing wrinkle formation and minimizing existing wrinkles."", ""Widely considered to be the most effective organic vitamin c serum available with up to an 8-fold antioxidant protection, 96% reduction of sunburn cells and prevention of formation of free radicals in sun exposed skin."", ""Made in the USA at an FDA-regulated facility. 72% Organic, Not tested on animals.""]",[],"{""Skin Type"": ""All"", ""Brand"": ""Unknown"", ""Item Form"": ""Liquid"", ""Active Ingredients"": ""Vitamin_c, Hyaluronic_acid, Vitamin_e"", ""Item Weight"": ""1 Ounces"", ""Product Dimensions"": ""1 x 1 x 4 inches; 1 Ounces"", ""UPC"": ""680474309207"", ""Manufacturer"": ""Ivy Botanicals""}"
B09R2B1PKX,mask_exfoliant,"Tammy Fender - Natural Epi-Peel | Clean, Non-Toxic, Plant-Based Skincare (1.7 oz | 46 g)",TAMMY FENDER,95.0,4.4,19,https://m.media-amazon.com/images/I/61E1Jw7l7NS._SL1500_.jpg,"[""Beauty & Personal Care"", ""Skin Care"", ""Face"", ""Treatments & Masks"", ""Facial Peels""]","[""An Award-Winning Micro-Exfoliator + Facial Mask With Far West Native Spearmint, Moroccan Rosemary + Mineral-Rich Kaolin Clay, To Revive + Renew Every Skin Type"", ""This Powerhouse Formula Works As An Exfoliator, Facial Mask + Natural Peel All-in-One - Its Clay Base Deeply Cleanses, While A Gentle Resurfacing Action Whisks Away Dullness, Refining The Pores + Illuminating The Complexion"", ""Every Jar + Bottle Holds Our Loving Care, Blended In Small Batches + Packaged By Hand"", ""Paraben-Free, Sulfate-Free, Cruelty-Free Ingredients That Are Meticulously Sourced, Many Either Wildcrafted Or Organically Grown."", ""Size: 1.7 oz""]","[""Product Description"", ""Pure Moroccan Rosemary, Far West Native Spearmint and purifying clay are the active constituents in this advanced tri-purpose micro-exfoliating mask and peel. Gently and efficiently, this revitalizing and oxygenating formula removes the accumulation of dead surface cells, refines the pores and eliminates impurities, as it brightens and polishes the skin. Beneficial for all skin types; with the exception of pustular acne and sun burned skins."", ""Brand Story"", ""At Tammy Fender, our 100% botanical formulas are crafted to enrich, purify and protect skin. The results are deeply healing, ultra-nourishing, all-natural blends that work on the cellular level to perfect your skin.""]","{""Brand"": ""TAMMY FENDER"", ""Item Form"": ""Cream"", ""Skin Type"": ""Oily, Combination, Sensitive, Dry, Normal"", ""Product Benefits"": ""Exfoliating"", ""Active Ingredients"": ""rosemary"", ""Is Discontinued By Manufacturer"": ""No"", ""Product Dimensions"": ""1.75 x 1.75 x 2.18 inches; 0.32 Ounces"", ""Item model number"": ""TAF-006"", ""UPC"": ""787734600767 853421004085"", ""Manufacturer"": ""Tammy Fender""}"
B07XJ7JDC1,moisturizer,"Prickly Pear Seed Oil (1 Oz - 30 ml) Cactus Barbary Fig Oil 100% Pure Certified Organic Anti Aging Facial Night Serum Moisturizer - Natural Treatment for Acne, Blemishes and Under Eye Dark Spots",ecla SKIN CARE,,3.8,24,https://m.media-amazon.com/images/I/71tlVdOKhEL._SL1500_.jpg,"[""Beauty & Personal Care"", ""Skin Care"", ""Face"", ""Creams & Moisturizers"", ""Face Oil""]","[""ONE INGREDIENT: 100% Pure Certified USDA Organic Prickly Pear seed oil, Virgin Cold pressed, unrefined with no chemicals or fillers. Natural wrinkle treatment that can be used as a Face Moisturizer, Night Serum or added to your favorite Cream or Shampoo."", ""AMAZING HEALING PROPERTIES: Brightens dark spots and treats acne scars & blemishes. It repairs damaged skin cells and reduces the appearance of fine lines & wrinkles due to its in high concentration of Vitamins (E & K) and Fatty Acids."", ""FAST ACTION & RESULTS for moisturizing and softening while restoring skin’s elasticity. Prickly Pear Seed Oil is Light, non-greasy and absorbs very well. It is ideal for mature and dry skin."", ""POWERFUL SOURCE OF ANTIOXIDANTS it is ideal for dark under-eye circles and Hyper pigmented Skin. It can also be used to repair Severely Damaged Hair."", ""RISK-FREE MONEY BACK GUARANTEE - If you are not completely satisfied, just contact us and we will give you a full refund, no questions asked!""]",[],"{""Brand"": ""ecla SKIN CARE"", ""Scent"": ""Pear"", ""Item Form"": ""Oil"", ""Active Ingredients"": ""tocopherol,vitamin e"", ""Unit Count"": ""1.00 Fl Oz"", ""Package Dimensions"": ""4.2 x 1.5 x 1.3 inches; 3.21 Ounces"", ""Manufacturer"": ""ecla SKIN CARE""}"
B00WKQ5FRU,serum_treatment,"Argan Oil, 100% Pure Essential Oil, Anti-Aging, Anti-Wrinkle Facial Emollient Day and Night Serum, Exquisite Luxury For Your Face, 1.7 fl oz, By Pur Argan",Pur Argan,,5.0,8,https://m.media-amazon.com/images/I/71sP87KZAOL._SL1500_.jpg,"[""Beauty & Personal Care"", ""Skin Care"", ""Face"", ""Creams & Moisturizers"", ""Face Oil""]","[""CLINICALLY PROVEN: This cosmetic grade argan oil is demonstrated to leave your face feeling satin smooth and immaculately soft, while also reducing fine lines and wrinkles."", ""CRITICALLY-ACCLAIMED: This premium quality formula has been reviewed by the top names of health and beauty, including Elle Magazine, which named it the “Best Investment of 2014.”"", ""ALL NATURAL: This golden elixir of youth is made of the highest grade argan oil available, and thus is free from damaging additives such as parabens, sulphates, and phthalates."", ""GREAT RESULTS: Used primarily for the delicate skin of the face, this amazing product may also be used for hair, body, and nails! Continued use leads to a more youthful appearance."", ""SENSITIVE SKIN: Our special, non-comedogenic formula is safe for use on even the most sensitive skin and will not clog pores, cause breakouts, or leave a greasy finish.""]","[""Treat yourself to the fountain of youth in an ultra luxe dispenser!"", ""Moroccan argan oil, world-renowned for its super moisturizing and replenishing qualities, is heating up the cosmetic world yet again - and with good reason!"", ""Pur Argan’s Moroccan argan oil is the highest concentrated product of its kind on the market, and is a certifiable miracle product"", ""proven to erase laugh lines and crow’s feet while giving you a youthful glow. It posses a deep golden color and slight nutty aroma which lets you know that it is indeed pure, undiluted, and at full potency. It is also chock full of Oleic acid, which penetrates your skin to cause unparalleled long lasting moisture."", ""Benefits of Pur Argan’s Moroccan Argan Oil:Reduces appearance of wrinkles and scarsDeeply Moisturizing Does not leave skin oilyContains natural antioxidantsFights free radicals Organic Reduces inflammation High in Vitamin E High in Omega 6 Treats acne For all skin types Paraben Free Alcohol Free Vegan No Animal Testing"", ""Its cosmetic grade quality allows for primary benefits on the very delicate skin of the face, and especially the eye area, but may also be used to improve the quality of your entire body!"", ""How to Use on Face:"", ""1. Thoroughly wash face as usual.2. Pour several drops of Pur Argan Moroccan argan oil into the palm of your hand.3. Starting at your T-zone, smooth the product over your entire face using your fingertips.4. If desired, apply makeup."", ""Experience the ultimate luxury of beautiful skin!"", ""Pur Argan’s Moroccan argan oil will leave your skin with the most-coveted satin-like dewy complexion. It comes in a chic dispenser and elegant packaging, to make your makeup counter look stylish and smart.""]","{""Brand"": ""Pur Argan"", ""Item Form"": ""Oil"", ""Active Ingredients"": ""Vitamin e"", ""Unit Count"": ""1.7 Ounce"", ""Number of Items"": ""5"", ""Is Discontinued By Manufacturer"": ""No"", ""Package Dimensions"": ""7.2 x 1.5 x 1.5 inches; 7.04 Ounces"", ""Item model number"": ""PAYRS-17"", ""UPC"": ""896683000211"", ""Manufacturer"": ""Pur Argan""}"
B0BS1ZZWK2,serum_treatment,"Torriden DIVE-IN Low-Molecular Hyaluronic Acid Skin Hydrating Booster 6.76 fl oz | Facial Essence Dry, Sensitive Skin | Alcohol-free, Fragrance-free, No Colorants | Vegan, Clean, Cruelty-Free",Torriden,20.0,4.7,57,https://m.media-amazon.com/images/I/51hbxJnP0QL._SL1500_.jpg,"[""Beauty & Personal Care"", ""Skin Care"", ""Face"", ""Treatments & Masks"", ""Serums""]","[""[HYDRATION BOOSTER] Low Molecular Weight Hyaluronic Acid Skin Booster is a facial essence that provides genuine hydration and balancing benefits for skin. Recommended for those that feel water-based toner does not provide sufficient hydration and prepping for skin."", ""[5D COMPLEX HYALURONIC ACID]: 5 types of molecules of HA allows moisture to absorb immediately, deeply, and densely inside your skin to by building 3D networks in the layers of the skin to maintain hydration and moisturization to plump your skin."", ""[OILY WITHOUT OIL] Dive-In Skin Booster has a slightly thicker-than-water texture, leaving refreshing and dewy finish nonetheless. Dive-In Line is ideal for oily and dehydrated skin type."", ""[SAFE & HYPOALLERGENIC] Free of artificial fragrance, colorants, parabens, mineral oils, isopropyl alcohol, and other ingredients. They've been tested to be not irritating for skin, and the formula is hypoallergenic and suitable for all skin types including sensitive and acne prone skin."", ""[CLEAN BEAUTY] Our goal is to pursue clean, safe, and sustainable beauty for the future, and so we made our products certified VEGAN and use FSC Certified packaging. All of our products include no animal-derived ingredients or animal testing (cruelty-free).""]",[],"{""Brand"": ""Torriden"", ""Scent"": ""Unscented"", ""Item Form"": ""Liquid"", ""Active Ingredients"": ""Hyaluronic_acid"", ""Unit Count"": ""6.8 Fl Oz"", ""Package Dimensions"": ""5.75 x 2.24 x 2.2 inches; 8.78 Ounces"", ""Manufacturer"": ""Celleco Co., Ltd."", ""Country of Origin"": ""Korea, Republic of""}"
B09VS5DTMM,serum_treatment,"Q Poria Brightening Korean Serum for Face with Poria Cocos | Hydrating, Brightens Skin, Wrinkles & Age Treatment without Irritation 1.69Oz",Q,22.9,3.4,17,https://m.media-amazon.com/images/I/619L6dV5rvL._SL1500_.jpg,"[""Beauty & Personal Care"", ""Skin Care"", ""Face"", ""Treatments & Masks"", ""Serums""]","[""Glowing Glass Skin without Irritation: Poria Cocos Extract is a new brightening ingredient that Q has studied for a long time, which relives irritation and free from oxidation. Poria Cocos Extract acts as an effective inhibitor to prevent melanin production and hyperpigmentation."", ""Formula was designed to supercharge your cream or serum to firm and brighten the appearance of the skin, while naturally giving a younger, rejuvenated look."", ""It is a pump-type container with a lotion-like texture. It is easy to spread on the skin, so you can apply it all over the skin with a small amount, regardless of day or night."", ""Keep Your Skin Hydrated: It instantly quenches thirsty skin, locks the moist in, and leaves skin feeling refreshed. Make dull skin look tight and protect the skin barrier from the damage of environment."", ""Our Q Poria Brigtening Serum is MADE IN KOREA without harmful ingredients such as parabens and unsafe preservatives. Try this Phytotherapy Serum for face discover how to get glowing skin!""]",[],"{""Skin Type"": ""Oily, Combination, Sensitive, Dry, Normal"", ""Product Benefits"": ""brightening, hydrating, anti-aging, wrinkle-reducing"", ""Use for"": ""Face"", ""Scent"": ""Aloe"", ""Brand"": ""Q"", ""Product Dimensions"": ""1.77 x 1.77 x 1.77 inches; 9.14 Ounces"", ""Manufacturer"": ""COSMAX""}"
B00I49Z6MQ,serum_treatment,"Aiona Alive Pure Hyaluronic Acid Serum (Step 1), 100% Natural Pure Face Serum with Hyaluronic Acid, Rose Otto Oil and Aloe Vera Extract, 1oz/30ml",Aiona Alive Skincare,,5.0,3,https://m.media-amazon.com/images/I/713OfZecMcL._SL1500_.jpg,"[""Beauty & Personal Care"", ""Skin Care"", ""Face"", ""Treatments & Masks"", ""Serums""]","[""HYDRATE, PLUMP AND REJUVENATE: Visibly reduce the signs of aging with this nourishing blend of antioxidants. This organic Hyaluronic Acid face serum or anti aging serum hydrates skin for a supple, smooth complexion, clean and clear skin and all day moisture retention."", ""BREAKTHROUGH HYDRATION: Hyaluronic acid (HA) is a multifunctional polymer best known for its ability to bind over 1,000 times its weight in water. As we age our natural levels of HA decrease, compromising the skin barrier and causing visible signs of aging. This pure hyaluronic facial anti aging serum will help maintain moisture levels in the skin and keep up with collagen production."", ""SAFE FOR ALL SKIN TYPES: Our rich and creamy formula is safe and gentle on all skin types – dry, oily, combination, and sensitive skin. Say goodbye to wrinkles and hello to firmer, smoother and radiant skin!"", ""100% NATURAL INGREDIENTS: Contains Hyaluronic Acid, Rose Otto Oil, Aloe Vera Extract, etc. Potent and effective natural ingredients absorb fast without clogging pores, irritating sensitive skin, or leaving that sticky residue that other Vitamin C serums or retinol do."", ""PREMIUM QUALITY: Aiona Alive has high standards when it comes to the ingredients used in their products, all are natural and formulated to produce the best results. Aiona Alive’s skin care products are most effective when used in the step-by-step system as each key ingredient works hand in hand to improve skin.""]","[""At Aiona Alive, we aim to offer a line of skincare products made only with clean, honest components. We want to provide products that effectively look after the health of your skin. This is why we’ve created a facial skincare system with high performance for management of skin concerns such as aging, dryness, and acne. The Aiona skincare regimen consists of products that work together for the overall improvement of your skin. We’ve set excellent standards in terms of product formulation. We ensure that every step in your skincare routine is wholly beneficial and that there’s no room for any form of harsh irritants. REVEALS YOUR STANDOUT, RADIANTLY HEALTHY SKIN This nourishing blend of antioxidants effectively diminishes signs of facial skin aging. It leaves your face feeling fresh and smooth with clearer complexion and more even tone. DELIVERS BREAKTHROUGH HYDRATION WITHOUT THE GREASY FEEL Hyaluronic acid is the key ingredient in our face serum. It is mainly responsible for keeping the skin moisturized. This also protects the inherent skin barrier that combats premature skin aging. CONTRIBUTES TO COLLAGEN PRODUCTION FOR GREATER SKIN ELASTICITY Our skin needs constant collagen production so that it can maintain its suppleness and firmness for that consistently youthful look. PERFECT FOR ALL SKIN TYPES Face serum by Aiona is kind on every skin type. Whether you have dry or oily skin, or combination, this one’s made for you! Our moisturizing serum is suitable for use even on the more sensitive skin. Say hello to fresh, revitalized facial skin without having to worry over negative side effects! DIRECTIONS FOR USE Apply a thumbnail amount of Pure HA Serum on cleansed face. Distribute product evenly, covering the eyelids and the neck. Immediately apply Aiona Alive Collage Serum (Step 2) over the hyaluronic serum. Allow them to settle and tighten the skin.""]","{""Skin Type"": ""Combination"", ""Product Benefits"": ""Hydration"", ""Use for"": ""Face"", ""Scent"": ""Fresh"", ""Brand"": ""Aiona Alive Skincare"", ""Is Discontinued By Manufacturer"": ""No"", ""Product Dimensions"": ""2 x 2 x 4.5 inches; 1 Ounces"", ""UPC"": ""367195243989"", ""Manufacturer"": ""Aiona Alive""}"
B08PF74CTC,toner_essence,"VEGREEN Alcohol-Free Mucin Essence Toner - Soothing Daily Facial Toner for Dry and Sensitive Skin with Phytomucin and Essential Oil-Free Formula - Korean Vegan Skincare, 150ml",VEGREEN,10.95,4.4,56,https://m.media-amazon.com/images/I/31uwH9pvyzL._AC_SL1000_.jpg,"[""Beauty & Personal Care"", ""Skin Care"", ""Face"", ""Toners & Astringents""]","[""Powerful ingredients: Contains 68% wild yam mucin and 3% panthenol to restore tired skin and improve skin vitality, leaving your complexion looking refreshed and revitalized."", ""Soothing formula: This product has a soothing formula that helps calm irritated skin and reduce redness, making it perfect for those with sensitive skin."", ""Hydrating properties: The wild yam mucin in this product helps hydrate and nourish the skin, leaving it feeling soft and supple."", ""Lightweight texture: This product has a lightweight texture that is easily absorbed by the skin, making it suitable for use as a daily moisturizer or as a serum."", ""Korean skincare: Made in Korea, this product follows strict quality control standards and is part of the popular Korean skincare trend, providing a premium and trustworthy skincare solution.""]",[],"{""Brand"": ""VEGREEN"", ""Item Form"": ""Liquid"", ""Skin Type"": ""All"", ""Product Benefits"": ""Hydrating"", ""Material Feature"": ""Vegan"", ""Package Dimensions"": ""6.46 x 2.2 x 2.2 inches; 10.72 Ounces"", ""Date First Available"": ""December 2, 2020"", ""Manufacturer"": ""CLICKNATURE Inc.""}"
B08P57JJTL,mask_exfoliant,"Kyerivs Rhinestone Diamond Face Mask for Women, Glitter Mesh Face Mask Cover for Christmas Party Nightclub, Chain Crystal Masquerade Face Cover, Sparkly Face Mask for Women and Girls (Rainbow)",Kyerivs,,4.2,2140,https://m.media-amazon.com/images/I/71eakX0OYlL._SL1500_.jpg,"[""Beauty & Personal Care"", ""Skin Care"", ""Face"", ""Treatments & Masks"", ""Masks""]","[""【Glitter Face Mask's NOTE】：This glitter face mask is just a fashionable beauty mask with NO PROTECTIVE FUNTION. If you need protection, you can wear an ordinary mask or a protective pad inside the fashionable mask. Please Pay Attention."", ""【Free Breathing】：This mesh Rhinestone mask adopts mesh design, can breathe freely, and is equipped with thousands of rhinestones design, beautiful, atmospheric and fashionable."", ""【Sparkly Face Mask】：This Rhinestone mask is inlaid with thousands of rhinestones. When you wear this fashionable mask on the road, shopping malls, nightclubs, bars, the lights are the most flashing one."", ""【Adjustable Ear Loops】：The ear rope of Rhinestone face mask is adjustable. It can be used in a variety of face shapes. It is not afraid that the ear will be uncomfortable if it is hung"", ""Various Colors】：There are many colors and styles of our bling bling masks. Different colors and styles can be applied in different places. Different colors and different scenes are super fashionable.""]",[],"{""Package Dimensions"": ""6.73 x 4.41 x 0.35 inches; 1.13 Ounces"", ""Manufacturer"": ""Kyerivs""}"
B0BJZ91CTY,toner_essence,ISNTREE Yam Root Vegan Milk Toner 200ml 6.76 fl.oz | Deeply moisturizing Toner | Protects Skin Barrier,IsNtree,24.1,3.0,4,https://m.media-amazon.com/images/I/21Da2gPfiNL._AC_.jpg,"[""Beauty & Personal Care"", ""Skin Care"", ""Face"", ""Toners & Astringents""]","[""Andong yam root extract 80%"", ""Deeper hydration"", ""Protects damaged skin barrier""]",[],"{""Brand"": ""IsNtree"", ""Item Form"": ""Drop"", ""Material Feature"": ""Vegan"", ""Scent"": ""Unscented"", ""Item Volume"": ""200 Milliliters"", ""Package Dimensions"": ""5.04 x 2.4 x 2.32 inches; 8.78 Ounces"", ""Date First Available"": ""October 21, 2022"", ""Manufacturer"": ""isntree""}"
B007K9B530,toner_essence,Emu Essence Pure Emu Oil 2 oz AEA Certified,Emu Essence,21.95,4.4,56,https://m.media-amazon.com/images/I/51LOt7hlfVL._SL1000_.jpg,"[""Beauty & Personal Care"", ""Skin Care"", ""Body"", ""Moisturizers"", ""Oils""]","[""AEA Certified Fully Refined. 100% Pure Natural Emu Oil. Natural Anti-Inflammatory, Moisturizing, & Soothing Properties."", ""Emu Essence Naturals Pure Emu Oil is the recommend brand for skin and hair care by First For Women magazine."", ""Use this remarkable, nutrient rich oil to help nourish and protect your skin and hair resulting in a healthier more youthful look and feel."", ""It is a safe and effective natural alternative for overall skin and hair care."", ""Trans-dermal source of Omega 3, 6 and 9. Odor-Free, Non-Greasy, Hypo-Allergenic.""]","[""Emu Essence Naturals Pure Emu Oil is the recommend brand for skin and hair care by First For Women magazine. Join with people from around the world and experience the amazing benefits of Emu Oil."", ""Emu Essence Naturals Pure Emu Oil"", ""contains Omega 3 EFA (Linolenic Acid) a substance known to ease joint pain, and Omega 6 EFA (Linoleic Acid) a substance known to have anti-inflammatory effects, and Omega 9 (Oleic Acid) a substance also known to have local anti-inflammatory effect on dermal tissue. These fatty acids are needed by the body for many functions.  When tested, it proved to be very hypo-allergenic and to have an extremely high purity level. Despite the fact that it is an oil, it is non-comedogenic (non-pore-clogging) and it is hypo-allergenic.  These unique properties make Emu Oil an exceptional application for general skin and hair care, sore muscles and joints, cracked and parched skin, problem skin conditions, and burns and wounds. Use this remarkable, nutrient rich oil to help nourish and protect your skin and hair resulting in a healthier more youthful look and feel. It is a safe and effective natural alternative for overall skin and hair care."", ""Emu Essence Naturals Pure Emu Oil is AEA Certified Fully Refined Grade A Emu Oil"", ""It is suitable for cosmetic, medical, and pharmaceutical uses. It is Non-Toxic, Hypo-Allergenic, Non-Comedogenic, and is a Non-Ocular Irritant. Each batch has been independently tested to insure its purity. It is a blend of both the lighter and heavier fractions of emu oil and has a rich, creamy consistency. The color will vary from white to off white.""]","{""Brand"": ""Emu Essence"", ""Scent"": ""Unscented"", ""Item Form"": ""Oil"", ""Unit Count"": ""2.00 Fl Oz"", ""Number of Items"": ""1"", ""Is Discontinued By Manufacturer"": ""No"", ""Product Dimensions"": ""5 x 1.8 x 1.5 inches; 2.47 Ounces"", ""UPC"": ""692886010022 796433220008"", ""Manufacturer"": ""Uniquely Emu Products""}"
B071JN75TJ,mask_exfoliant,"SCARLETT PARIS Iridescent Fresh Exfoliating Gel for Face, Advanced Gentle Non-Abrasive Exfoliating Face Scrub, Dead Skin Remover for Soft Skin, All Natural Skincare Product (3.38 Fl Oz)",SCARLETT PARIS,,4.0,5,https://m.media-amazon.com/images/I/71c0ZtCdtvL._SL1500_.jpg,"[""Beauty & Personal Care"", ""Skin Care"", ""Face"", ""Polishes & Scrubs"", ""Scrubs""]","[""GENTLE FACE SCRUB: This gel gently exfoliates the delicate skin on your face without relying on rough abrasive particles. It is an effective dead skin remover, eliminating the dull veil on top to reveal the radiant layer of soft skin beneath."", ""NOURISHING NATURAL INGREDIENTS: The gel is formulated with natural marine algae ingredients. It uses AHAs extracted from red algae for dead skin removal, while extract of laminaria algae helps to reinvigorate your skin."", ""UNIQUE TEXTURE: The gel transforms into an oil as you massage it into your skin, making each time you use this dead skin exfoliator a truly enjoyable and relaxing experience."", ""INSTRUCTIONS FOR USE: Apply the gel with dry hands to clean, dry skin. Gently massage it over your face in small circular motions, avoiding the areas around your eyes, until the gel dissolves into an oil. Rinse it off with lukewarm water."", ""PREMIUM, PROFESSIONAL PRODUCTS: SCARLETT PARIS has been creating high quality skincare products for over 25 years. Its formulas harness natural marine resources native to the northwest coastal region of France to keep your skin looking radiant.""]",[],"{""Brand"": ""SCARLETT PARIS"", ""Item Form"": ""Gel"", ""Skin Type"": ""Dry"", ""Product Benefits"": ""Exfoliating"", ""Material Feature"": ""Natural"", ""Is Discontinued By Manufacturer"": ""No"", ""Package Dimensions"": ""5.67 x 2.2 x 1.5 inches; 4.48 Ounces"", ""Manufacturer"": ""CYRA LYDO""}"
B01J4ORAQY,toner_essence,"Hera Cell Essence Special Gift Set (Cell-Bio Essence 5.1oz (150ml), Essence Mist, and Facial Care Cotton 60ea)",HERA,,4.6,4,https://m.media-amazon.com/images/I/41K8YT4uFjL.jpg,"[""Beauty & Personal Care"", ""Skin Care"", ""Face"", ""Sets & Kits""]",[],[],"{""Brand"": ""HERA"", ""Unit Count"": ""1.00 Count"", ""Number of Items"": ""3"", ""Skin Type"": ""All"", ""Item Volume"": ""150 Milliliters"", ""Is Discontinued By Manufacturer"": ""No"", ""Package Dimensions"": ""10.8 x 9.7 x 3.3 inches; 1.61 Pounds"", ""Item model number"": ""SG_B01J4ORAQY_US"", ""UPC"": ""647336999020""}"
B08H5HT9YC,mask_exfoliant,"Glitter Face Mask, (Mesh Design) Fashion Sparkly Rhinestone Mask Cover for Women Girls, Bling Bling Face Mask, Diamond Crystal Masquerade Face Cover for Valentines Day Party Nightclub (White)",Kyerivs,,4.2,2140,https://m.media-amazon.com/images/I/61Xa8qgBCVL._SL1500_.jpg,"[""Beauty & Personal Care"", ""Skin Care"", ""Face"", ""Treatments & Masks"", ""Masks""]","[""დ1.【Glitter Face Mask's NOTE】：This glitter face mesh mask is just a fashionable beauty mask with NO PROTECTIVE FUNTION. This mask is of MESH design, which is SEE-through. If you need protection, you can wear an ordinary mask or a protective pad inside the fashionable mask. Please Pay Attention."", ""დ2. Unique & Fashion Design——There are about 1,000 sparkly rhinestones on the surface of each bling bling face mask, making you stand out as it sparkles when it catches light."", ""დ3. Coordinate With Variety Outfits—— the glitter face mask can coordinate with wedding apparel, bikini, dresses, gown,swimming suits and so on. It can also accomadate with prom, night club, party,fashion show, festival, beach, daily life and any other special occasions."", ""დ4. One Size Fits Most——the ear loops of this rhinestone face mask are elastic and adjustable, easy to wear and off, one size is suitable for most."", ""დ5. After-Sales Guarantee——Any questions of this sparkly mask will be answered within 24 hours, and Money Back or resend Guarantee if items are damaged or quality problem.""]",[],"{""Brand"": ""Kyerivs"", ""Color"": ""1pc-white"", ""Age Range (Description)"": ""Adult"", ""Item Package Quantity"": ""1"", ""Size"": ""1 Count (Pack of 1)"", ""Style"": ""Earloop"", ""Closure Type"": ""Ear Loop"", ""Reusability"": ""Reusable"", ""Number of Items"": ""1"", ""Package Dimensions"": ""6.65 x 6.3 x 0.39 inches; 0.32 Ounces"", ""Department"": ""Womens"", ""Manufacturer"": ""Kyerivs""}"
B00NTSG5B8,mask_exfoliant,Labelle 4th Generation Sonic Water Peelling Ultrasonic Skin Scrubber Spatula Face massager Made in Korea,,,3.4,8,https://m.media-amazon.com/images/I/51Q-CJChfHL._SL1500_.jpg,"[""Beauty & Personal Care"", ""Tools & Accessories"", ""Skin Care Tools""]","[""Frequency 30kHz Hypoallergenic Peeling / Dermapro Test Complete (Dead skin, Sebum, Skin tone, Pore clean, Skin texture)"", ""LED Lamp User-friendly interface / DD type Patent Circuit"", ""Auto off / Compact size 99g / Quick charge / Portable case / Waterproof"", ""Blade frequency 30kHz approx / Using time : 5 mins"", ""DC 5V / USB - micro 5PIN / 168x46x23(mm), 99g / Stainless steel(blade), ABS(body), PC(cap) / Power at charging 10VA Max. Power normal 6VA Max.""]",[],"{""Skin Type"": ""Normal"", ""Number of Pieces"": ""1"", ""Unit Count"": ""1 count"", ""Is Discontinued By Manufacturer"": ""No""}"
B07T56L8FT,mask_exfoliant,Project E Beauty 7 Colors LED Face Mask Light Therapy Anti-Aging Facial Skincare Routine | Skin Tightening | Calm Inflammation & Sensitive Skin | Reduce Wrinkle | Brightens Skin | Collagen Boost,Project E Beauty,139.99,3.8,58,https://m.media-amazon.com/images/I/71f1uMuKfZL._SL1500_.jpg,"[""Beauty & Personal Care"", ""Skin Care"", ""Face"", ""Treatments & Masks"", ""Masks""]","[""🔅7 LED COLORS FACIAL THERAPY - Project E Beauty’s LED face mask is equipped with UV-free LED bulbs that emit 7 light energy colors with different skin benefits. These benefits include enhanced collagen production, reduced wrinkles, improved skin tone and brightness, and so much more!"", ""🔅SUITABLE FOR ALL SKIN TYPES - This LED beauty mask can be used to complement your anti-aging or anti-blemish routine. Blue light works for oily skin as it helps with oil control. Red light boosts collagen production to reduce the signs of aging. Pick the LED color depending on your skin concerns."", ""🔅FOR OVERALL SKIN IMPROVEMENT - LED light therapy is a tried and tested skin treatment. This mask uses 150 UV-free, non-thermal LED bulbs to deliver light energy into the layers of the skin. This activates photoreceptors that trigger the skin’s natural processes including collagen production."", ""🔅EASY TREATMENT SESSIONS - LED mask therapy is very easy to do. For beginners, use the LED beauty mask 4 times a week, for 10 minutes per session. Gradually increase for up to 15 minutes of usage as your skin gets used to the light therapy. You can use it with or without a skincare product."", ""🔅PAINLESS AND NON-INVASIVE - LED light therapy is a lunch break cosmetic procedure with no recovery time needed. The whole treatment is virtually painless, just sit back and relax. No cuts, no stings, or any uncomfortable sensations - have comfortable skin rejuvenation sessions every single time.""]",[],"{""Brand"": ""Project E Beauty"", ""Product Benefits"": ""Rejuvenation, Smoothens, Brightening, Anti-aging, Anti Acne, Skin Cell Renewal, Skin Tightening"", ""Scent"": ""Unscented"", ""Skin Type"": ""All, Combination, Sensitive, Dry, Normal"", ""Special Feature"": ""Redness Removal, Skin Cell Renewal, Anti-Ageging, Brightening, Skin Tightening"", ""Product Dimensions"": ""7.56 x 3.39 x 2.24 inches; 2.25 Pounds"", ""Item model number"": ""PE716"", ""UPC"": ""616576443853"", ""Manufacturer"": ""Project E Beauty""}"
B0059UPRMC,toner_essence,"Caroline Chu Ginseng Anti-Aging Toner, 4 Fluid Ounce",Carolina Herrera,,5.0,3,https://m.media-amazon.com/images/I/31uMkEhEyIL.jpg,"[""Beauty & Personal Care"", ""Skin Care"", ""Face"", ""Toners & Astringents""]","[""Recommended for normal to dry and sensitive skin types"", ""Ginseng extract improves skin's natural radiance"", ""Alcohol-free""]","[""Natural glycolic astringent toner features witch hazel and chestnut extracts to tighten pores and loosen dead skin cells. Use immediately after cleansing for a fresh sense of renewal. Recommended for normal to dry and sensitive skin types. Ginseng extract improves skin’s natural radiance. Alcohol-free.""]","{""Brand"": ""Carolina Herrera"", ""Skin Type"": ""Dry"", ""Number of Items"": ""1"", ""Unit Count"": ""4 Fl Oz"", ""Product Dimensions"": ""2.25 x 2.25 x 5.5 inches; 11.2 Ounces"", ""Manufacturer"": ""Caroline Chu""}"
