id,catalog_group,product_family,variant_key,title,brand_or_store,price_usd,average_rating,rating_count,image_url,category_path,features,description,details,structured_attributes
"DEMO-CLEANSER-EXACT","cleanser","oily_skin_cleanser","exact_match","ClearKind Fragrance-Free Gel Cleanser for Oily Skin","MatchProof Demo","18","4.5","120","https://m.media-amazon.com/images/I/71n%2BJv2f1aL._SL1500_.jpg","[""Beauty & Personal Care"",""Skin Care"",""Face"",""Cleansers""]","[""Facial gel cleanser formulated for oily and acne-prone skin."",""Fragrance-free, essential-oil-free, and non-comedogenic formula."",""Gentle daily cleansing with niacinamide and zinc PCA."",""Budget-friendly price under $25.""]","[""Controlled oily_skin_cleanser demo fixture. Variant: exact_match."",""All retrieval-critical facts are stated explicitly in features and structured_attributes.""]","{""SkinType"":[""Oily"",""Acne-prone""],""Form"":""Gel"",""Fragrance"":""Fragrance-free"",""VolumeMl"":150}","{""schema_version"":1,""product_family"":""oily_skin_cleanser"",""variant"":""exact_match"",""bundling"":{""targets"":[""post_cleanse_toner"",""lightweight_moisturizer""],""compatibility_tags"":[""oily"",""acne_prone""],""offer_eligible"":true,""priority"":100},""item_type"":""facial_cleanser"",""use_cases"":[""daily_cleansing""],""skin"":{""suitable_skin_types"":[""oily"",""acne_prone""],""concerns"":[""excess_oil"",""blemishes""]},""formula"":{""fragrance_free"":true,""non_comedogenic"":true,""texture"":""gel""}}"
"DEMO-CLEANSER-FRAGRANCED","cleanser","oily_skin_cleanser","missing_preferred_fragrance_free","ClearKind Citrus Gel Cleanser for Oily Skin","MatchProof Demo","16","4.5","120","https://m.media-amazon.com/images/I/71n%2BJv2f1aL._SL1500_.jpg","[""Beauty & Personal Care"",""Skin Care"",""Face"",""Cleansers""]","[""Facial gel cleanser formulated for oily and acne-prone skin."",""Contains citrus fragrance and is not fragrance-free."",""Gentle daily cleansing with niacinamide and zinc PCA."",""Budget-friendly price under $25.""]","[""Controlled oily_skin_cleanser demo fixture. Variant: missing_preferred_fragrance_free."",""All retrieval-critical facts are stated explicitly in features and structured_attributes.""]","{""SkinType"":[""Oily"",""Acne-prone""],""Form"":""Gel"",""Fragrance"":""Citrus fragrance"",""VolumeMl"":150}","{""schema_version"":1,""product_family"":""oily_skin_cleanser"",""variant"":""missing_preferred_fragrance_free"",""bundling"":{""targets"":[""post_cleanse_toner"",""lightweight_moisturizer""],""compatibility_tags"":[""oily"",""acne_prone""],""offer_eligible"":false,""priority"":90},""item_type"":""facial_cleanser"",""use_cases"":[""daily_cleansing""],""skin"":{""suitable_skin_types"":[""oily"",""acne_prone""],""concerns"":[""excess_oil"",""blemishes""]},""formula"":{""fragrance_free"":false,""non_comedogenic"":true,""texture"":""gel""}}"
"DEMO-CLEANSER-DRY-SKIN","cleanser","oily_skin_cleanser","missing_mandatory_skin_type","ClearKind Fragrance-Free Cream Cleanser for Dry Skin","MatchProof Demo","18","4.5","120","https://m.media-amazon.com/images/I/71n%2BJv2f1aL._SL1500_.jpg","[""Beauty & Personal Care"",""Skin Care"",""Face"",""Cleansers""]","[""Facial cream cleanser formulated for dry skin; not suitable for oily or acne-prone skin."",""Fragrance-free, essential-oil-free, and non-comedogenic formula."",""Rich daily cleansing with squalane and ceramides."",""Budget-friendly price under $25.""]","[""Controlled oily_skin_cleanser demo fixture. Variant: missing_mandatory_skin_type."",""All retrieval-critical facts are stated explicitly in features and structured_attributes.""]","{""SkinType"":[""Dry""],""Form"":""Cream"",""Fragrance"":""Fragrance-free"",""VolumeMl"":150}","{""schema_version"":1,""product_family"":""oily_skin_cleanser"",""variant"":""missing_mandatory_skin_type"",""bundling"":{""targets"":[""post_cleanse_toner"",""lightweight_moisturizer""],""compatibility_tags"":[""oily"",""acne_prone""],""offer_eligible"":false,""priority"":90},""item_type"":""facial_cleanser"",""use_cases"":[""daily_cleansing""],""skin"":{""suitable_skin_types"":[""dry""],""concerns"":[""dryness"",""barrier_support""]},""formula"":{""fragrance_free"":true,""non_comedogenic"":true,""texture"":""cream""}}"
"DEMO-CLEANSER-OVER-BUDGET","cleanser","oily_skin_cleanser","missing_mandatory_budget","ClearKind Premium Fragrance-Free Gel Cleanser for Oily Skin","MatchProof Demo","38","4.5","120","https://m.media-amazon.com/images/I/71n%2BJv2f1aL._SL1500_.jpg","[""Beauty & Personal Care"",""Skin Care"",""Face"",""Cleansers""]","[""Facial gel cleanser formulated for oily and acne-prone skin."",""Fragrance-free, essential-oil-free, and non-comedogenic formula."",""Gentle daily cleansing with niacinamide and zinc PCA."",""Premium price over $25.""]","[""Controlled oily_skin_cleanser demo fixture. Variant: missing_mandatory_budget."",""All retrieval-critical facts are stated explicitly in features and structured_attributes.""]","{""SkinType"":[""Oily"",""Acne-prone""],""Form"":""Gel"",""Fragrance"":""Fragrance-free"",""VolumeMl"":150}","{""schema_version"":1,""product_family"":""oily_skin_cleanser"",""variant"":""missing_mandatory_budget"",""bundling"":{""targets"":[""post_cleanse_toner"",""lightweight_moisturizer""],""compatibility_tags"":[""oily"",""acne_prone""],""offer_eligible"":false,""priority"":90},""item_type"":""facial_cleanser"",""use_cases"":[""daily_cleansing""],""skin"":{""suitable_skin_types"":[""oily"",""acne_prone""],""concerns"":[""excess_oil"",""blemishes""]},""formula"":{""fragrance_free"":true,""non_comedogenic"":true,""texture"":""gel""}}"
"DEMO-CLEANSER-EXACT-FOAM","cleanser","oily_skin_cleanser","valid_foaming_match","ClearKind Fragrance-Free Foaming Cleanser for Oily Skin","MatchProof Demo","20","4.5","120","https://m.media-amazon.com/images/I/71n%2BJv2f1aL._SL1500_.jpg","[""Beauty & Personal Care"",""Skin Care"",""Face"",""Cleansers""]","[""Facial foaming cleanser formulated for oily and acne-prone skin."",""Fragrance-free, essential-oil-free, and non-comedogenic formula."",""Gentle daily cleansing with niacinamide and green tea."",""Budget-friendly price under $25.""]","[""Controlled oily_skin_cleanser demo fixture. Variant: valid_foaming_match."",""All retrieval-critical facts are stated explicitly in features and structured_attributes.""]","{""SkinType"":[""Oily"",""Acne-prone""],""Form"":""Foam"",""Fragrance"":""Fragrance-free"",""VolumeMl"":150}","{""schema_version"":1,""product_family"":""oily_skin_cleanser"",""variant"":""valid_foaming_match"",""bundling"":{""targets"":[""post_cleanse_toner"",""lightweight_moisturizer""],""compatibility_tags"":[""oily"",""acne_prone""],""offer_eligible"":false,""priority"":90},""item_type"":""facial_cleanser"",""use_cases"":[""daily_cleansing""],""skin"":{""suitable_skin_types"":[""oily"",""acne_prone""],""concerns"":[""excess_oil"",""blemishes""]},""formula"":{""fragrance_free"":true,""non_comedogenic"":true,""texture"":""foam""}}"
"DEMO-CLEANSER-COMEDOGENIC","cleanser","oily_skin_cleanser","missing_preferred_non_comedogenic","ClearKind Fragrance-Free Oil Cleanser for Oily Skin","MatchProof Demo","19","4.5","120","https://m.media-amazon.com/images/I/71n%2BJv2f1aL._SL1500_.jpg","[""Beauty & Personal Care"",""Skin Care"",""Face"",""Cleansers""]","[""Facial oil cleanser marketed for oily skin but not recommended for acne-prone skin."",""Fragrance-free formula, but not non-comedogenic and contains pore-clogging coconut oil."",""Suitable for occasional makeup removal rather than daily blemish care."",""Budget-friendly price under $25.""]","[""Controlled oily_skin_cleanser demo fixture. Variant: missing_preferred_non_comedogenic."",""All retrieval-critical facts are stated explicitly in features and structured_attributes.""]","{""SkinType"":[""Oily"",""Not acne-prone""],""Form"":""Oil"",""Fragrance"":""Fragrance-free"",""VolumeMl"":150}","{""schema_version"":1,""product_family"":""oily_skin_cleanser"",""variant"":""missing_preferred_non_comedogenic"",""bundling"":{""targets"":[""post_cleanse_toner"",""lightweight_moisturizer""],""compatibility_tags"":[""oily"",""acne_prone""],""offer_eligible"":false,""priority"":90},""item_type"":""facial_cleanser"",""use_cases"":[""makeup_removal""],""skin"":{""suitable_skin_types"":[""oily""],""concerns"":[""makeup_removal""],""acne_prone_suitable"":false},""formula"":{""fragrance_free"":true,""non_comedogenic"":false,""texture"":""oil""}}"
"DEMO-CLEANSER-BODY-WASH","cleanser","oily_skin_cleanser","wrong_item_type_body_wash","ClearKind Fragrance-Free Body Wash for Oily Skin","MatchProof Demo","15","4.5","120","https://m.media-amazon.com/images/I/71n%2BJv2f1aL._SL1500_.jpg","[""Beauty & Personal Care"",""Bath & Body"",""Body Washes""]","[""Body wash for oily body skin; not a facial cleanser and not formulated for facial acne."",""Fragrance-free daily body formula."",""Non-comedogenic testing has not been performed for facial use."",""Budget-friendly price under $25.""]","[""Controlled oily_skin_cleanser demo fixture. Variant: wrong_item_type_body_wash."",""All retrieval-critical facts are stated explicitly in features and structured_attributes.""]","{""SkinType"":[""Oily body skin""],""Form"":""Gel"",""Fragrance"":""Fragrance-free"",""VolumeMl"":400}","{""schema_version"":1,""product_family"":""oily_skin_cleanser"",""variant"":""wrong_item_type_body_wash"",""bundling"":{""targets"":[""post_cleanse_toner"",""lightweight_moisturizer""],""compatibility_tags"":[""oily"",""acne_prone""],""offer_eligible"":false,""priority"":90},""item_type"":""body_wash"",""use_cases"":[""body_cleansing""],""skin"":{""suitable_skin_types"":[""oily_body_skin""],""concerns"":[""body_oil""]},""formula"":{""fragrance_free"":true,""non_comedogenic"":null,""texture"":""gel""}}"
"DEMO-CLEANSER-TONER","toner_essence","oily_skin_cleanser","wrong_item_type_toner","ClearKind Fragrance-Free Balancing Toner for Oily Skin","MatchProof Demo","17","4.5","120","https://m.media-amazon.com/images/I/71n%2BJv2f1aL._SL1500_.jpg","[""Beauty & Personal Care"",""Skin Care"",""Face"",""Toners""]","[""Leave-on facial toner for oily and acne-prone skin; not a cleanser and does not wash the face."",""Fragrance-free and non-comedogenic formula."",""Contains niacinamide and green tea for post-cleansing use."",""Budget-friendly price under $25.""]","[""Controlled oily_skin_cleanser demo fixture. Variant: wrong_item_type_toner."",""All retrieval-critical facts are stated explicitly in features and structured_attributes.""]","{""SkinType"":[""Oily"",""Acne-prone""],""Form"":""Liquid toner"",""Fragrance"":""Fragrance-free"",""VolumeMl"":150}","{""schema_version"":1,""product_family"":""oily_skin_cleanser"",""variant"":""wrong_item_type_toner"",""bundling"":{""roles"":[""post_cleanse_toner""],""targets"":[""lightweight_moisturizer""],""compatibility_tags"":[""oily"",""acne_prone""],""offer_eligible"":true,""priority"":100},""item_type"":""facial_toner"",""use_cases"":[""post_cleansing_toner""],""skin"":{""suitable_skin_types"":[""oily"",""acne_prone""],""concerns"":[""excess_oil"",""blemishes""]},""formula"":{""fragrance_free"":true,""non_comedogenic"":true,""texture"":""liquid""}}"
"DEMO-MOISTURIZER-OILY","moisturizer","oily_skin_moisturizer","complementary_add_on","ClearKind Lightweight Gel Moisturizer for Oily Skin","MatchProof Demo","21","4.5","120","https://m.media-amazon.com/images/I/71F7VzOU-gL._SL1500_.jpg","[""Beauty & Personal Care"",""Skin Care"",""Face"",""Moisturizers""]","[""Lightweight fragrance-free gel moisturizer for oily and acne-prone skin."",""Non-comedogenic hydration with niacinamide and ceramides after cleansing or toner."",""Absorbs quickly without a greasy finish for everyday routine use.""]","[""Controlled oily_skin_moisturizer demo fixture. Variant: complementary_add_on."",""All retrieval-critical facts are stated explicitly in features and structured_attributes.""]","{""SkinType"":[""Oily"",""Acne-prone""],""Form"":""Gel"",""Fragrance"":""Fragrance-free"",""VolumeMl"":60}","{""schema_version"":1,""product_family"":""oily_skin_moisturizer"",""variant"":""complementary_add_on"",""bundling"":{""roles"":[""lightweight_moisturizer""],""compatibility_tags"":[""oily"",""acne_prone""],""offer_eligible"":true,""priority"":90},""item_type"":""facial_moisturizer"",""use_cases"":[""daily_moisturizing"",""post_cleansing""],""skin"":{""suitable_skin_types"":[""oily"",""acne_prone""],""concerns"":[""hydration"",""barrier_support""]},""formula"":{""fragrance_free"":true,""non_comedogenic"":true,""texture"":""gel""}}"
